"RK_name","RK_PK","RK_TM","RK_Player","RK_College","RK_Yrs","RK_G","RK_MP","RK_PTS","RK_TRB","RK_AST","RK_FG","RK__3P","RK_FT","RK_MP2","RK_PTS2","RK_TRB2","RK_AST2","RK_WS","RK_WS_48","RK_BPM","RK_VORP"
"1","1","CLE","Andrew Wiggins","Kansas","6","454","16242","8943","1977","1065",".441",".332",".732","35.8","19.7","4.4","2.3","15.0",".044","-1.9","0.2"
"2","2","MIL","Jabari Parker","Duke","6","285","8258","4255","1633","593",".493",".324",".740","29.0","14.9","5.7","2.1","13.2",".077","-0.8","2.4"
"3","3","PHI","Joel Embiid","Kansas","4","209","6358","5005","2397","651",".480",".319",".793","30.4","23.9","11.5","3.1","22.8",".172","4.3","10.1"
"4","4","ORL","Aaron Gordon","Arizona","6","403","11517","5143","2587","964",".448",".319",".701","28.6","12.8","6.4","2.4","21.7",".090","0.0","5.7"
"5","5","UTA","Dante Exum","","5","239","4429","1366","424","502",".407",".308",".766","18.5","5.7","1.8","2.1","3.1",".034","-3.3","-1.5"
"6","6","BOS","Marcus Smart","Oklahoma State","6","401","11607","3950","1430","1628",".373",".318",".775","28.9","9.9","3.6","4.1","20.7",".086","-0.3","5.0"
"7","7","LAL","Julius Randle","Kentucky","6","375","10934","6032","3375","1045",".493",".295",".724","29.2","16.1","9.0","2.8","20.5",".090","-0.5","4.1"
"8","8","SAC","Nik Stauskas","Michigan","5","335","6662","2272","688","513",".389",".353",".814","19.9","6.8","2.1","1.5","3.8",".028","-3.0","-1.7"
"9","9","CHH","Noah Vonleh","Indiana","6","335","5672","1660","1741","256",".460",".310",".691","16.9","5.0","5.2","0.8","9.3",".079","-2.4","-0.5"
"10","10","PHI","Elfrid Payton","LA-Lafayette","6","387","11350","4247","1703","2566",".452",".289",".625","29.3","11.0","4.4","6.6","14.9",".063","-0.5","4.3"
"11","11","DEN","Doug McDermott","Creighton","6","410","8170","3369","900","347",".465",".412",".825","19.9","8.2","2.2","0.8","13.9",".082","-2.0","-0.1"
"12","12","ORL","Dario Šarić","","4","306","8094","3743","1896","634",".441",".358",".837","26.5","12.2","6.2","2.1","14.7",".087","-0.7","2.6"
"13","13","MIN","Zach LaVine","UCLA","6","353","10857","6240","1279","1275",".447",".375",".819","30.8","17.7","3.6","3.6","12.0",".053","-0.6","3.8"
"14","14","PHO","T.J. Warren","NC State","6","328","9436","5080","1358","392",".507",".361",".779","28.8","15.5","4.1","1.2","19.5",".099","-0.2","4.3"
"15","15","ATL","Adreian Payne","Michigan State","4","107","1403","429","315","66",".406",".254",".680","13.1","4.0","2.9","0.6","-0.6","-.019","-5.9","-1.4"
"16","16","CHI","Jusuf Nurkić","","6","318","7356","3749","2562","621",".492",".096",".673","23.1","11.8","8.1","2.0","17.3",".113","0.3","4.2"
"17","17","BOS","James Young","Kentucky","4","95","812","219","96","28",".367",".277",".563","8.5","2.3","1.0","0.3","0.8",".046","-3.4","-0.3"
"18","18","PHO","Tyler Ennis","Syracuse","4","186","2336","779","250","359",".419",".317",".768","12.6","4.2","1.3","1.9","1.3",".026","-3.4","-0.8"
"19","19","CHI","Gary Harris","Michigan State","6","368","10663","4459","961","779",".454",".360",".803","29.0","12.1","2.6","2.1","17.9",".081","-0.9","2.9"
"20","20","TOR","Bruno Caboclo","","6","99","1257","425","254","71",".400",".316",".846","12.7","4.3","2.6","0.7","1.5",".058","-2.5","-0.2"
"21","21","OKC","Mitch McGary","Michigan","2","52","557","227","183","17",".527",".000",".580","10.7","4.4","3.5","0.3","1.3",".108","-2.6","-0.1"
"22","22","MEM","Jordan Adams","UCLA","2","32","263","101","30","19",".402",".385",".607","8.2","3.2","0.9","0.6","0.4",".070","1.7","0.2"
"23","23","UTA","Rodney Hood","Duke","6","341","9326","4247","980","645",".426",".372",".839","27.3","12.5","2.9","1.9","17.1",".088","-0.5","3.4"
"24","24","CHH","Shabazz Napier","UConn","6","345","5986","2433","657","849",".397",".345",".815","17.4","7.1","1.9","2.5","8.1",".065","-0.7","2.0"
"25","25","HOU","Clint Capela","","6","334","8674","4075","3243","324",".634",".000",".526","26.0","12.2","9.7","1.0","36.4",".201","1.9","8.5"
"26","26","MIA","P.J. Hairston","UNC","2","111","2000","664","266","59",".343",".295",".810","18.0","6.0","2.4","0.5","0.9",".021","-3.9","-1.0"
"27","27","PHO","Bogdan Bogdanović","","3","209","5888","2831","673","732",".434",".374",".806","28.2","13.5","3.2","3.5","8.7",".071","-0.6","2.2"
"28","28","LAC","C.J. Wilcox","Washington","3","66","376","132","31","30",".370",".333",".813","5.7","2.0","0.5","0.5","0.1",".007","-4.3","-0.2"
"29","29","OKC","Josh Huestis","Stanford","3","76","1068","187","180","23",".346",".312",".240","14.1","2.5","2.4","0.3","0.7",".030","-3.5","-0.4"
"30","30","SAS","Kyle Anderson","UCLA","6","367","7212","1991","1456","734",".488",".311",".699","19.7","5.4","4.0","2.0","17.9",".119","1.4","6.3"
"31","31","MIL","Damien Inglis","","1","20","156","36","31","10",".351",".231",".875","7.8","1.8","1.6","0.5","-0.1","-.024","-5.6","-0.1"
"32","32","PHI","K.J. McDaniels","Clemson","3","148","2092","782","324","95",".412",".290",".776","14.1","5.3","2.2","0.6","1.3",".030","-2.8","-0.4"
"33","33","CLE","Joe Harris","Virginia","6","331","8037","3452","1040","535",".479",".426",".779","24.3","10.4","3.1","1.6","14.7",".088","-0.7","2.5"
"34","34","NYK","Cleanthony Early","Wichita State","2","56","801","241","123","42",".346",".263",".750","14.3","4.3","2.2","0.8","-0.6","-.039","-5.9","-0.8"
"35","35","UTA","Jarnell Stokes","Tennessee","3","28","151","67","40","7",".581","",".531","5.4","2.4","1.4","0.3","0.6",".202","0.1","0.1"
"36","36","MIL","Johnny O'Bryant","LSU","4","147","1684","509","352","69",".402",".360",".663","11.5","3.5","2.4","0.5","0.2",".006","-6.2","-1.8"
"37","37","TOR","DeAndre Daniels","UConn","","","","","","","","","","","","","","","","",""
"38","38","DET","Spencer Dinwiddie","Colorado","6","317","8162","4103","875","1578",".410",".318",".793","25.7","12.9","2.8","5.0","18.3",".108","0.4","4.8"
"39","39","PHI","Jerami Grant","Syracuse","6","454","11125","4220","1748","484",".465",".347",".669","24.5","9.3","3.9","1.1","22.6",".098","-0.9","3.1"
"40","40","MIN","Glenn Robinson","Michigan","6","281","4930","1683","731","218",".459",".373",".768","17.5","6.0","2.6","0.8","7.6",".074","-1.5","0.6"
"41","41","DEN","Nikola Jokić","","5","381","11054","6462","3657","2098",".524",".338",".826","29.0","17.0","9.6","5.5","48.7",".212","7.1","25.4"
"42","42","HOU","Nick Johnson","Arizona","1","28","262","74","39","11",".347",".238",".680","9.4","2.6","1.4","0.4","-0.1","-.020","-6.5","-0.3"
"43","43","ATL","Edy Tavares","","2","13","101","33","32","4",".625","",".273","7.8","2.5","2.5","0.3","0.2",".118","-0.4","0.0"
"44","44","MIN","Markel Brown","Oklahoma State","3","113","1794","584","234","132",".380",".295",".781","15.9","5.2","2.1","1.2","1.1",".029","-2.9","-0.4"
"45","45","CHH","Dwight Powell","Stanford","6","371","6956","2867","1711","364",".563",".293",".739","18.7","7.7","4.6","1.0","26.0",".179","1.4","6.1"
"46","46","WAS","Jordan Clarkson","Missouri","6","453","12232","6699","1424","1164",".446",".342",".818","27.0","14.8","3.1","2.6","13.9",".055","-0.7","3.9"
"47","47","PHI","Russ Smith","Louisville","2","27","131","53","15","19",".319",".188",".769","4.9","2.0","0.6","0.7","-0.2","-.068","-5.1","-0.1"
"48","48","MIL","Lamar Patterson","Pitt","2","40","435","93","57","45",".326",".236",".720","10.9","2.3","1.4","1.1","0.1",".006","-5.7","-0.4"
"49","49","CHI","Cameron Bairstow","New Mexico","2","36","167","44","36","7",".296",".200",".846","4.6","1.2","1.0","0.2","-0.1","-.021","-8.1","-0.3"
"50","50","PHO","Alec Brown","Green Bay","","","","","","","","","","","","","","","","",""
"51","51","NYK","Thanasis Antetokounmpo","","2","22","135","61","25","15",".519",".000",".412","6.1","2.8","1.1","0.7","0.2",".080","-2.8","0.0"
"52","52","PHI","Vasilije Micić","","","","","","","","","","","","","","","","","",""
"53","53","MIN","Alessandro Gentile","","","","","","","","","","","","","","","","","",""
"54","54","PHI","Nemanja Dangubić","","","","","","","","","","","","","","","","","",""
"55","55","MIA","Semaj Christon","Xavier","1","64","973","183","87","130",".345",".190",".548","15.2","2.9","1.4","2.0","0.1",".006","-5.1","-0.8"
"56","56","DEN","Devyn Marble","Iowa","2","44","457","97","69","29",".304",".222",".375","10.4","2.2","1.6","0.7","-0.3","-.028","-5.5","-0.4"
"57","57","IND","Louis Labeyrie","","","","","","","","","","","","","","","","","",""
"58","58","SAS","Jordan McRae","Tennessee","4","123","1696","846","225","167",".417",".355",".772","13.8","6.9","1.8","1.4","1.7",".048","-2.1","0.0"
"59","59","TOR","Xavier Thames","San Diego State","","","","","","","","","","","","","","","","",""
"60","60","SAS","Cory Jefferson","Baylor","2","58","581","205","161","16",".444",".125",".583","10.0","3.5","2.8","0.3","0.9",".071","-3.3","-0.2"
"1","1","MIN","Karl-Anthony Towns","Kentucky","5","358","12307","8113","4209","992",".534",".396",".831","34.4","22.7","11.8","2.8","50.4",".197","4.8","21.1"
"2","2","LAL","D'Angelo Russell","Ohio State","5","317","9204","5532","1176","1666",".420",".356",".772","29.0","17.5","3.7","5.3","8.4",".044","0.3","5.5"
"3","3","PHI","Jahlil Okafor","Duke","5","220","4480","2421","1103","212",".538",".222",".675","20.4","11.0","5.0","1.0","6.6",".070","-1.9","0.1"
"4","4","NYK","Kristaps Porziņģis","","4","243","7578","4476","1857","350",".434",".358",".803","31.2","18.4","7.6","1.4","17.3",".109","1.2","6.0"
"5","5","ORL","Mario Hezonja","","5","330","6107","2284","1026","415",".417",".319",".812","18.5","6.9","3.1","1.3","3.2",".025","-2.8","-1.2"
"6","6","SAC","Willie Cauley-Stein","Kentucky","5","349","8187","3361","2194","553",".539",".211",".611","23.5","9.6","6.3","1.6","20.3",".119","0.1","4.3"
"7","7","DEN","Emmanuel Mudiay","","5","300","7176","3296","884","1139",".401",".323",".744","23.9","11.0","2.9","3.8","-0.2","-.001","-3.2","-2.2"
"8","8","DET","Stanley Johnson","Arizona","5","310","6310","2045","1001","443",".374",".293",".755","20.4","6.6","3.2","1.4","3.4",".026","-2.9","-1.4"
"9","9","CHO","Frank Kaminsky","Wisconsin","5","321","7029","3136","1298","527",".422",".347",".750","21.9","9.8","4.0","1.6","12.4",".085","-0.6","2.5"
"10","10","MIA","Justise Winslow","Duke","5","241","6848","2181","1295","657",".417",".337",".646","28.4","9.0","5.4","2.7","7.7",".054","-1.8","0.3"
"11","11","IND","Myles Turner","Texas","5","342","9689","4353","2276","421",".488",".357",".768","28.3","12.7","6.7","1.2","26.4",".131","0.6","6.3"
"12","12","UTA","Trey Lyles","Kentucky","5","351","6322","2602","1488","375",".433",".341",".708","18.0","7.4","4.2","1.1","10.3",".078","-1.2","1.3"
"13","13","PHO","Devin Booker","Kentucky","5","342","11457","7683","1242","1610",".448",".354",".871","33.5","22.5","3.6","4.7","17.3",".073","-0.2","5.3"
"14","14","OKC","Cameron Payne","Murray State","5","161","2637","1001","305","406",".403",".344",".781","16.4","6.2","1.9","2.5","2.7",".049","-2.0","0.0"
"15","15","ATL","Kelly Oubre","Kansas","5","348","8375","3783","1443","327",".431",".329",".778","24.1","10.9","4.1","0.9","12.1",".069","-1.9","0.2"
"16","16","BOS","Terry Rozier","Louisville","5","335","7597","3224","1249","890",".394",".371",".813","22.7","9.6","3.7","2.7","12.9",".082","-0.1","3.6"
"17","17","MIL","Rashad Vaughn","UNLV","3","139","1671","423","158","75",".337",".313",".692","12.0","3.0","1.1","0.5","-0.6","-.017","-4.7","-1.2"
"18","18","HOU","Sam Dekker","Wisconsin","4","200","3096","1094","607","160",".478",".288",".606","15.5","5.5","3.0","0.8","5.4",".083","-1.4","0.5"
"19","19","WAS","Jerian Grant","Notre Dame","5","279","4998","1692","530","805",".411",".323",".770","17.9","6.1","1.9","2.9","8.3",".080","-1.6","0.5"
"20","20","TOR","Delon Wright","Utah","5","271","5377","1965","829","780",".450",".342",".790","19.8","7.3","3.1","2.9","14.9",".133","2.1","5.5"
"21","21","DAL","Justin Anderson","Virginia","5","226","2964","1182","575","151",".413",".296",".774","13.1","5.2","2.5","0.7","4.6",".074","-1.4","0.5"
"22","22","CHI","Bobby Portis","Arkansas","5","315","6437","3215","1872","380",".456",".360",".754","20.4","10.2","5.9","1.2","10.8",".081","-1.3","1.1"
"23","23","POR","Rondae Hollis-Jefferson","Arizona","5","294","6652","2733","1658","566",".448",".213",".738","22.6","9.3","5.6","1.9","12.5",".090","-0.7","2.2"
"24","24","CLE","Tyus Jones","Duke","5","312","5606","1733","483","1108",".431",".345",".803","18.0","5.6","1.5","3.6","11.4",".098","0.0","2.8"
"25","25","MEM","Jarell Martin","LSU","4","184","2927","998","639","114",".434",".346",".766","15.9","5.4","3.5","0.6","3.2",".053","-4.3","-1.7"
"26","26","SAS","Nikola Milutinov","","","","","","","","","","","","","","","","","",""
"27","27","LAL","Larry Nance","Wyoming","5","315","7396","2562","2094","559",".537",".324",".695","23.5","8.1","6.6","1.8","20.4",".132","1.2","6.1"
"28","28","BOS","R.J. Hunter","Georgia State University","4","45","395","133","46","19",".371",".295",".818","8.8","3.0","1.0","0.4","0.4",".051","-2.0","0.0"
"29","29","BRK","Chris McCullough","Syracuse","3","59","532","194","112","15",".426",".306",".548","9.0","3.3","1.9","0.3","0.6",".054","-2.5","-0.1"
"30","30","GSW","Kevon Looney","UCLA","5","224","3121","979","832","214",".570",".150",".601","13.9","4.4","3.7","1.0","10.3",".158","-0.5","1.1"
"31","31","MIN","Cedi Osman","","3","202","5026","1947","708","390",".437",".364",".717","24.9","9.6","3.5","1.9","4.0",".038","-2.9","-1.2"
"32","32","HOU","Montrezl Harrell","Louisville","5","318","6643","4037","1570","424",".614",".100",".638","20.9","12.7","4.9","1.3","26.1",".189","2.6","7.7"
"33","33","BOS","Jordan Mickey","LSU","3","64","482","152","128","17",".449",".118",".605","7.5","2.4","2.0","0.3","0.5",".050","-4.8","-0.3"
"34","34","LAL","Anthony Brown","Stanford","3","41","762","161","103","28",".328",".286",".850","18.6","3.9","2.5","0.7","-0.2","-.016","-5.1","-0.6"
"35","35","PHI","Willy Hernangómez","","4","209","3006","1444","1130","218",".531",".330",".687","14.4","6.9","5.4","1.0","8.6",".137","0.1","1.6"
"36","36","MIN","Rakeem Christmas","Syracuse","2","30","225","63","57","4",".467","",".724","7.5","2.1","1.9","0.1","0.5",".105","-4.7","-0.2"
"37","37","PHI","Richaun Holmes","Bowling Green","5","270","5067","2268","1346","254",".583",".257",".724","18.8","8.4","5.0","0.9","17.3",".164","0.6","3.2"
"38","38","DET","Darrun Hilliard","Villanova","3","91","859","295","85","71",".377",".304",".747","9.4","3.2","0.9","0.8","0.3",".016","-4.7","-0.6"
"39","39","CHO","Juan Pablo Vaulet","","","","","","","","","","","","","","","","","",""
"40","40","MIA","Josh Richardson","Tennessee","5","314","9642","3889","997","904",".426",".363",".818","30.7","12.4","3.2","2.9","17.9",".089","-0.3","4.2"
"41","41","BRK","Pat Connaughton","Notre Dame","5","283","4451","1356","787","358",".443",".344",".790","15.7","4.8","2.8","1.3","10.1",".109","-0.4","1.8"
"42","42","UTA","Olivier Hanlan","Boston College","","","","","","","","","","","","","","","","",""
"43","43","IND","Joe Young","Oregon","3","127","1077","429","130","119",".393",".296",".768","8.5","3.4","1.0","0.9","0.4",".016","-4.1","-0.6"
"44","44","PHO","Andrew Harrison","Kentucky","3","145","2987","1012","287","399",".373",".294",".779","20.6","7.0","2.0","2.8","3.2",".051","-2.8","-0.6"
"45","45","BOS","Marcus Thornton","William & Mary","","","","","","","","","","","","","","","","",""
"46","46","MIL","Norman Powell","UCLA","5","307","5760","2640","728","400",".457",".361",".818","18.8","8.6","2.4","1.3","12.0",".100","-0.3","2.5"
"47","47","PHI","Artūras Gudaitis","","","","","","","","","","","","","","","","","",""
"48","48","OKC","Dakari Johnson","Kentucky","1","31","161","55","34","8",".564","",".550","5.2","1.8","1.1","0.3","0.6",".178","-0.3","0.1"
"49","49","WAS","Aaron White","Iowa","","","","","","","","","","","","","","","","",""
"50","50","ATL","Marcus Eriksson","","","","","","","","","","","","","","","","","",""
"51","51","ORL","Tyler Harvey","Eastern Washington","","","","","","","","","","","","","","","","",""
"52","52","DAL","Satnam Singh Bhamara","","","","","","","","","","","","","","","","","",""
"53","53","CLE","Sir'Dominic Pointer","St. John's","","","","","","","","","","","","","","","","",""
"54","54","UTA","Dani Díez de la Faya","","","","","","","","","","","","","","","","","",""
"55","55","SAS","Cady Lalanne","UMass","","","","","","","","","","","","","","","","",""
"56","56","NOP","Branden Dawson","Michigan State","1","6","29","5","4","0",".400","","1.000","4.8","0.8","0.7","0.0","0.0",".069","-5.7","0.0"
"57","57","DEN","Nikola Radičević","","","","","","","","","","","","","","","","","",""
"58","58","PHI","J.P. Tokoto","UNC","","","","","","","","","","","","","","","","",""
"59","59","ATL","Dimitrios Agravanis","","","","","","","","","","","","","","","","","",""
"60","60","PHI","Luka Mitrović","","","","","","","","","","","","","","","","","",""
"1","1","PHI","Ben Simmons","LSU","3","217","7449","3553","1800","1726",".560",".083",".593","34.3","16.4","8.3","8.0","24.4",".157","3.9","11.2"
"2","2","LAL","Brandon Ingram","Duke","4","252","8118","4116","1277","809",".459",".360",".722","32.2","16.3","5.1","3.2","9.6",".057","-1.4","1.1"
"3","3","BOS","Jaylen Brown","California","4","279","7340","3655","1243","396",".468",".371",".678","26.3","13.1","4.5","1.4","13.9",".091","-1.2","1.6"
"4","4","PHO","Dragan Bender","","4","187","3755","1014","720","237",".399",".323",".654","20.1","5.4","3.9","1.3","0.5",".006","-4.0","-1.9"
"5","5","MIN","Kris Dunn","Providence","4","227","5516","1884","760","948",".422",".306",".726","24.3","8.3","3.3","4.2","3.9",".034","-1.8","0.2"
"6","6","NOP","Buddy Hield","Oklahoma","4","316","8743","5022","1316","694",".441",".411",".866","27.7","15.9","4.2","2.2","13.0",".071","0.7","5.9"
"7","7","DEN","Jamal Murray","Kentucky","4","297","8680","4621","1064","1091",".439",".358",".880","29.2","15.6","3.6","3.7","16.2",".090","-0.1","4.3"
"8","8","SAC","Marquese Chriss","Washington","4","256","4965","2039","1250","279",".456",".290",".669","19.4","8.0","4.9","1.1","5.7",".055","-2.3","-0.3"
"9","9","TOR","Jakob Pöltl","Utah","4","279","4594","1527","1343","278",".638",".500",".536","16.5","5.5","4.8","1.0","16.3",".170","0.9","3.4"
"10","10","MIL","Thon Maker","","4","255","3548","1186","708","157",".433",".329",".673","13.9","4.7","2.8","0.6","6.3",".086","-2.2","-0.2"
"11","11","ORL","Domantas Sabonis","Gonzaga","4","291","7439","3530","2321","755",".522",".321",".722","25.6","12.1","8.0","2.6","20.6",".133","0.5","4.6"
"12","12","UTA","Taurean Waller-Prince","Baylor","4","260","6854","3008","1126","503",".412",".366",".818","26.4","11.6","4.3","1.9","5.1",".036","-1.9","0.2"
"13","13","PHO","Georgios Papagiannis","","2","39","477","160","123","29",".514",".000",".857","12.2","4.1","3.2","0.7","0.4",".044","-3.9","-0.2"
"14","14","CHI","Denzel Valentine","Michigan State","3","170","3559","1320","618","350",".401",".366",".753","20.9","7.8","3.6","2.1","3.6",".048","-1.6","0.4"
"15","15","DEN","Juan Hernangómez","","4","205","3310","1083","703","136",".428",".359",".722","16.1","5.3","3.4","0.7","6.1",".088","-1.6","0.3"
"16","16","BOS","Guerschon Yabusele","","2","74","486","173","105","31",".442",".323",".682","6.6","2.3","1.4","0.4","1.1",".105","-1.9","0.0"
"17","17","MEM","Wade Baldwin","Vanderbilt","3","56","579","174","69","78",".355",".250",".776","10.3","3.1","1.2","1.4","-0.3","-.028","-5.3","-0.5"
"18","18","DET","Henry Ellenson","Marquette","4","81","749","327","194","44",".372",".343",".774","9.2","4.0","2.4","0.5","0.3",".018","-3.8","-0.3"
"19","19","DEN","Malik Beasley","Florida State","4","220","3836","1811","436","214",".448",".388",".800","17.4","8.2","2.0","1.0","6.3",".078","-1.2","0.8"
"20","20","IND","Caris LeVert","Michigan","4","213","5494","2715","788","764",".433",".339",".708","25.8","12.7","3.7","3.6","7.3",".064","-0.5","2.0"
"21","21","ATL","DeAndre' Bembry","Saint Joseph's","4","189","3672","1173","641","360",".448",".269",".592","19.4","6.2","3.4","1.9","1.0",".013","-2.8","-0.8"
"22","22","CHO","Malachi Richardson","Syracuse","3","70","625","198","70","24",".358",".301",".783","8.9","2.8","1.0","0.3","-0.1","-.009","-6.1","-0.7"
"23","23","BOS","Ante Žižić","","3","113","1517","674","446","64",".581","",".711","13.4","6.0","3.9","0.6","3.5",".110","-2.6","-0.2"
"24","24","PHI","Timothé Luwawu-Cabarrot","","4","218","3519","1340","445","184",".398",".338",".828","16.1","6.1","2.0","0.8","3.5",".048","-4.0","-1.8"
"25","25","LAC","Brice Johnson","UNC","2","21","107","47","34","3",".449",".000",".600","5.1","2.2","1.6","0.1","0.1",".062","-0.6","0.0"
"26","26","PHI","Furkan Korkmaz","","3","134","2318","1006","286","135",".416",".377",".767","17.3","7.5","2.1","1.0","3.9",".080","-1.7","0.2"
"27","27","TOR","Pascal Siakam","New Mexico State","4","276","7196","3543","1537","631",".500",".334",".764","26.1","12.8","5.6","2.3","20.9",".140","1.4","6.2"
"28","28","PHO","Skal Labissière","Kentucky","4","148","2595","1069","662","152",".492",".353",".748","17.5","7.2","4.5","1.0","4.4",".081","-2.3","-0.2"
"29","29","SAS","Dejounte Murray","Washington","3","185","3752","1504","884","550",".451",".351",".743","20.3","8.1","4.8","3.0","5.8",".074","0.0","1.9"
"30","30","GSW","Damian Jones","Vanderbilt","4","104","1471","480","318","65",".666",".222",".676","14.1","4.6","3.1","0.6","4.4",".143","-1.6","0.2"
"31","31","BOS","Deyonta Davis","Michigan State","3","107","1299","454","346","47",".599",".000",".635","12.1","4.2","3.2","0.4","3.6",".131","-2.1","0.0"
"32","32","LAL","Ivica Zubac","","4","212","3385","1566","1187","200",".565",".000",".755","16.0","7.4","5.6","0.9","12.0",".170","0.4","2.0"
"33","33","LAC","Cheick Diallo","Kansas","4","180","2155","947","747","78",".598",".286",".772","12.0","5.3","4.2","0.4","6.3",".140","-1.3","0.4"
"34","34","PHO","Tyler Ulis","Kentucky","3","133","2782","998","223","537",".403",".280",".808","20.9","7.5","1.7","4.0","0.5",".008","-3.6","-1.1"
"35","35","BOS","Rade Zagorac","","","","","","","","","","","","","","","","","",""
"36","36","MIL","Malcolm Brogdon","Virginia","4","241","6916","3286","919","1055",".471",".385",".894","28.7","13.6","3.8","4.4","17.3",".120","0.7","4.6"
"37","37","HOU","Chinanu Onuaku","Louisville","2","6","74","18","14","4",".583","","1.000","12.3","3.0","2.3","0.7","0.1",".043","-5.4","-0.1"
"38","38","MIL","Patrick McCaw","UNLV","4","194","3340","755","316","266",".419",".305",".779","17.2","3.9","1.6","1.4","4.2",".061","-2.8","-0.7"
"39","39","NOP","David Michineau","","","","","","","","","","","","","","","","","",""
"40","40","NOP","Diamond Stone","Maryland","1","7","24","10","6","0",".231","","1.000","3.4","1.4","0.9","0.0","-0.1","-.211","-20.8","-0.1"
"41","41","ORL","Stephen Zimmerman","UNLV","1","19","108","23","35","4",".323","",".600","5.7","1.2","1.8","0.2","0.0","-.005","-8.3","-0.2"
"42","42","UTA","Isaiah Whitehead","Seton Hall","2","89","1823","643","210","212",".411",".305",".788","20.5","7.2","2.4","2.4","-0.9","-.025","-5.0","-1.4"
"43","43","HOU","Zhou Qi","","2","19","125","24","22","2",".212",".105",".667","6.6","1.3","1.2","0.1","-0.2","-.093","-9.6","-0.2"
"44","44","ATL","Isaïa Cordinier","","","","","","","","","","","","","","","","","",""
"45","45","BOS","Demetrius Jackson","Notre Dame","3","26","136","48","19","17",".486",".286",".667","5.2","1.8","0.7","0.7","0.2",".087","-0.5","0.1"
"46","46","DAL","A.J. Hammons","Purdue","1","22","163","48","36","4",".405",".500",".450","7.4","2.2","1.6","0.2","0.0","-.001","-6.6","-0.2"
"47","47","ORL","Jake Layman","Maryland","4","164","2241","863","314","90",".456",".309",".724","13.7","5.3","1.9","0.5","3.0",".065","-2.1","-0.1"
"48","48","CHI","Paul Zipser","","2","98","1667","458","256","82",".371",".335",".769","17.0","4.7","2.6","0.8","0.0","-.001","-5.2","-1.4"
"49","49","DET","Michael Gbinije","Syracuse","1","9","32","4","3","2",".100",".000","1.000","3.6","0.4","0.3","0.2","-0.1","-.136","-12.1","-0.1"
"50","50","IND","Georges Niang","Iowa State","4","157","1564","657","240","87",".436",".387",".827","10.0","4.2","1.5","0.6","2.8",".085","-0.8","0.5"
"51","51","BOS","Ben Bentil","Providence","1","3","10","0","2","0",".000",".000","","3.3","0.0","0.7","0.0","-0.1","-.473","-25.9","-0.1"
"52","52","UTA","Joel Bolomboy","Weber State","2","18","91","31","27","2",".545",".200",".500","5.1","1.7","1.5","0.1","0.3",".132","-0.1","0.0"
"53","53","DEN","Petr Cornelie","","","","","","","","","","","","","","","","","",""
"54","54","ATL","Kay Felder","Oakland","2","58","526","223","59","78",".364",".268",".754","9.1","3.8","1.0","1.3","-0.4","-.041","-4.7","-0.4"
"55","55","BRK","Marcus Paige","UNC","1","5","28","12","4","3",".286",".250","1.000","5.6","2.4","0.8","0.6","0.0","-.006","-8.8","0.0"
"56","56","DEN","Daniel Hamilton","UConn","2","25","232","69","52","30",".394",".357",".500","9.3","2.8","2.1","1.2","0.0",".000","-3.3","-0.1"
"57","57","MEM","Wang Zhelin","","","","","","","","","","","","","","","","","",""
"58","58","BOS","Abdel Nader","Iowa State","3","164","2083","732","287","84",".421",".352",".716","12.7","4.5","1.8","0.5","2.1",".048","-2.8","-0.4"
"59","59","SAC","Isaiah Cousins","Oklahoma","","","","","","","","","","","","","","","","",""
"60","60","UTA","Tyrone Wallace","California","3","106","1639","549","228","126",".425",".203",".671","15.5","5.2","2.2","1.2","0.2",".006","-5.1","-1.3"
"1","1","PHI","Markelle Fultz","Washington","3","105","2676","1125","351","481",".452",".267",".677","25.5","10.7","3.3","4.6","3.2",".058","-2.1","0.0"
"2","2","LAL","Lonzo Ball","UCLA","3","162","5228","1738","994","1069",".390",".341",".487","32.3","10.7","6.1","6.6","6.0",".055","0.5","3.3"
"3","3","BOS","Jayson Tatum","Duke","3","225","7158","3902","1339","496",".457",".401",".829","31.8","17.3","6.0","2.2","18.9",".127","1.6","6.5"
"4","4","PHO","Josh Jackson","Kansas","3","178","4328","2120","764","337",".417",".298",".655","24.3","11.9","4.3","1.9","-1.8","-.020","-4.0","-2.2"
"5","5","SAC","De'Aaron Fox","Kentucky","3","205","6206","3320","704","1258",".451",".328",".718","30.3","16.2","3.4","6.1","9.1",".070","-0.3","2.7"
"6","6","ORL","Jonathan Isaac","Florida State","3","136","3512","1269","741","146",".435",".330",".797","25.8","9.3","5.4","1.1","6.7",".091","0.2","2.0"
"7","7","MIN","Lauri Markkanen","Arizona","3","170","5194","2744","1291","228",".430",".356",".848","30.6","16.1","7.6","1.3","8.7",".080","-0.3","2.2"
"8","8","NYK","Frank Ntilikina","","3","178","3797","1066","385","543",".366",".311",".783","21.3","6.0","2.2","3.1","-0.8","-.011","-4.7","-2.5"
"9","9","DAL","Dennis Smith","NC State","3","156","4094","1957","493","708",".400",".314",".647","26.2","12.5","3.2","4.5","-1.6","-.018","-2.7","-0.7"
"10","10","SAC","Zach Collins","Gonzaga","3","154","2691","881","614","139",".444",".324",".722","17.5","5.7","4.0","0.9","3.9",".069","-2.6","-0.4"
"11","11","CHO","Malik Monk","Kentucky","3","191","3281","1638","360","322",".395",".322",".850","17.2","8.6","1.9","1.7","1.0",".015","-2.9","-0.7"
"12","12","DET","Luke Kennard","Duke","3","164","3822","1613","457","353",".441",".402",".863","23.3","9.8","2.8","2.2","7.0",".088","-0.8","1.2"
"13","13","DEN","Donovan Mitchell","Louisville","3","225","7600","5100","916","907",".439",".355",".824","33.8","22.7","4.1","4.0","15.7",".099","1.5","6.7"
"14","14","MIA","Bam Adebayo","Kentucky","3","223","5698","2352","1713","653",".553",".139",".710","25.6","10.5","7.7","2.9","19.5",".164","2.0","5.7"
"15","15","POR","Justin Jackson","UNC","3","214","4165","1396","553","222",".431",".324",".788","19.5","6.5","2.6","1.0","5.0",".058","-2.7","-0.8"
"16","16","CHI","Justin Patton","Creighton","3","9","49","16","11","5",".368",".167",".500","5.4","1.8","1.2","0.6","0.0",".015","-5.5","0.0"
"17","17","MIL","D.J. Wilson","Michigan","3","107","1316","434","324","80",".414",".322",".567","12.3","4.1","3.0","0.7","2.1",".078","-2.7","-0.2"
"18","18","IND","T.J. Leaf","UCLA","3","139","1203","465","278","42",".491",".341",".571","8.7","3.3","2.0","0.3","2.7",".107","-1.8","0.1"
"19","19","ATL","John Collins","Wake Forest","3","176","4977","2850","1552","279",".571",".369",".757","28.3","16.2","8.8","1.6","16.4",".158","1.1","3.9"
"20","20","POR","Harry Giles","Duke","2","104","1487","724","410","145",".524",".000",".686","14.3","7.0","3.9","1.4","2.5",".081","-2.2","-0.1"
"21","21","OKC","Terrance Ferguson","","3","191","3951","922","262","142",".406",".337",".753","20.7","4.8","1.4","0.7","4.6",".056","-3.9","-1.9"
"22","22","BRK","Jarrett Allen","Texas","3","222","5389","2235","1731","269",".609",".167",".694","24.3","10.1","7.8","1.2","20.0",".178","1.2","4.4"
"23","23","TOR","OG Anunoby","Indiana","3","210","4899","1640","745","210",".480",".365",".650","23.3","7.8","3.5","1.0","10.7",".105","-0.3","2.1"
"24","24","UTA","Tyler Lydon","Syracuse","2","26","96","23","18","6",".500",".400",".333","3.7","0.9","0.7","0.2","0.2",".084","-4.3","-0.1"
"25","25","ORL","Anžejs Pasečņiks","","1","27","437","156","107","18",".526",".000",".586","16.2","5.8","4.0","0.7","0.5",".054","-5.6","-0.4"
"26","26","POR","Caleb Swanigan","Purdue","3","75","655","169","218","56",".438",".118",".614","8.7","2.3","2.9","0.7","-0.2","-.015","-6.2","-0.7"
"27","27","BRK","Kyle Kuzma","Utah","3","208","6241","3332","1138","399",".449",".331",".732","30.0","16.0","5.5","1.9","9.0",".069","-1.4","0.9"
"28","28","LAL","Tony Bradley","UNC","3","70","728","310","293","25",".634",".750",".660","10.4","4.4","4.2","0.4","3.4",".222","0.6","0.5"
"29","29","SAS","Derrick White","Colorado","3","152","3544","1482","496","513",".469",".364",".816","23.3","9.8","3.3","3.4","8.3",".112","1.1","2.8"
"30","30","UTA","Josh Hart","Villanova","3","195","4931","1677","936","281",".430",".353",".713","25.3","8.6","4.8","1.4","8.6",".084","-0.7","1.6"
"31","31","CHO","Frank Jackson","Duke","2","120","1966","866","217","130",".422",".319",".743","16.4","7.2","1.8","1.1","0.6",".015","-5.0","-1.5"
"32","32","PHO","Davon Reed","Miami (FL)","2","31","289","75","45","16",".307",".310",".667","9.3","2.4","1.5","0.5","-0.2","-.039","-6.3","-0.3"
"33","33","ORL","Wesley Iwundu","Kansas State","3","182","3206","868","452","190",".418",".319",".794","17.6","4.8","2.5","1.0","4.2",".063","-3.4","-1.1"
"34","34","SAC","Frank Mason","Kansas","3","99","1537","670","192","260",".397",".298",".757","15.5","6.8","1.9","2.6","1.2",".038","-2.4","-0.1"
"35","35","ORL","Ivan Rabb","California","2","85","1237","485","364","86",".555",".200",".743","14.6","5.7","4.3","1.0","3.2",".125","-1.7","0.1"
"36","36","PHI","Jonah Bolden","","2","51","686","217","174","40",".486",".340",".484","13.5","4.3","3.4","0.8","1.4",".098","-1.3","0.1"
"37","37","BOS","Semi Ojeleye","SMU","3","198","2755","617","392","80",".391",".340",".688","13.9","3.1","2.0","0.4","3.7",".065","-3.4","-1.0"
"38","38","CHI","Jordan Bell","Oregon","3","154","1853","578","472","194",".563",".222",".638","12.0","3.8","3.1","1.3","4.9",".126","0.5","1.2"
"39","39","PHI","Jawun Evans","Oklahoma State","2","56","843","237","96","110",".345",".263",".776","15.1","4.2","1.7","2.0","-0.4","-.022","-5.4","-0.7"
"40","40","NOP","Dwayne Bacon","Florida State","3","135","2159","715","313","137",".403",".345",".718","16.0","5.3","2.3","1.0","0.3",".007","-5.0","-1.6"
"41","41","ATL","Tyler Dorsey","Oregon","2","104","1672","701","243","135",".389",".350",".669","16.1","6.7","2.3","1.3","1.0",".030","-3.1","-0.5"
"42","42","UTA","Thomas Bryant","Indiana","3","133","2715","1389","802","181",".595",".355",".756","20.4","10.4","6.0","1.4","9.6",".169","1.9","2.7"
"43","43","HOU","Isaiah Hartenstein","","2","51","487","160","137","33",".593",".182",".714","9.5","3.1","2.7","0.6","1.5",".150","-1.6","0.1"
"44","44","NYK","Damyean Dotson","Oregon","3","165","3314","1282","437","223",".419",".361",".721","20.1","7.8","2.6","1.4","3.1",".044","-2.2","-0.2"
"45","45","HOU","Dillon Brooks","Oregon","3","173","4792","2214","531","301",".420",".358",".777","27.7","12.8","3.1","1.7","2.4",".024","-4.2","-2.7"
"46","46","PHI","Sterling Brown","SMU","3","164","2577","855","510","160",".417",".345",".774","15.7","5.2","3.1","1.0","3.9",".073","-2.1","-0.1"
"47","47","IND","Ike Anigbogu","UCLA","2","14","36","13","12","1",".333","",".833","2.6","0.9","0.9","0.1","0.0",".057","-1.1","0.0"
"48","48","MIL","Sindarius Thornwell","South Carolina","3","139","1504","360","188","90",".420",".350",".683","10.8","2.6","1.4","0.6","1.1",".035","-2.8","-0.3"
"49","49","DEN","Vlatko Čančar","","1","14","45","17","10","3",".400",".167","1.000","3.2","1.2","0.7","0.2","0.1",".062","-4.6","0.0"
"50","50","PHI","Mathias Lessort","","","","","","","","","","","","","","","","","",""
"51","51","DEN","Monte Morris","Iowa State","3","158","3631","1521","333","559",".479",".398",".826","23.0","9.6","2.1","3.5","10.2",".135","0.8","2.6"
"52","52","NOP","Edmond Sumner","Xavier","3","55","659","220","71","65",".406",".263",".585","12.0","4.0","1.3","1.2","0.5",".040","-3.7","-0.3"
"53","53","BOS","Kadeem Allen","Arizona","3","47","640","258","71","109",".435",".349",".757","13.6","5.5","1.5","2.3","1.0",".075","-1.0","0.2"
"54","54","PHO","Alec Peters","Valparaiso","1","20","225","82","37","12",".378",".310",".800","11.3","4.1","1.9","0.6","0.3",".055","-2.8","0.0"
"55","55","UTA","Nigel Williams-Goss","Gonzaga","1","10","50","14","6","6",".313",".286","1.000","5.0","1.4","0.6","0.6","0.0",".017","-3.9","0.0"
"56","56","BOS","Jabari Bird","California","1","13","115","39","19","8",".577",".429",".462","8.8","3.0","1.5","0.6","0.2",".098","-3.1","0.0"
"57","57","BRK","Aleksandar Vezenkov","","","","","","","","","","","","","","","","","",""
"58","58","NYK","Ognjen Jaramaz","","","","","","","","","","","","","","","","","",""
"59","59","SAS","Jaron Blossomgame","Clemson","1","27","439","114","98","13",".443",".256",".769","16.3","4.2","3.6","0.5","0.3",".030","-3.8","-0.2"
"60","60","ATL","Alpha Kaba","","","","","","","","","","","","","","","","","",""
"1","1","PHO","Deandre Ayton","Arizona","2","109","3419","1849","1165","197",".570",".176",".748","31.4","17.0","10.7","1.8","9.0",".126","0.3","2.0"
"2","2","SAC","Marvin Bagley","Duke","2","75","1901","1108","568","72",".497",".288",".703","25.3","14.8","7.6","1.0","4.0",".100","-1.4","0.3"
"3","3","ATL","Luka Dončić","","2","133","4365","3285","1136","967",".445",".321",".737","32.8","24.7","8.5","7.3","13.7",".151","6.0","8.8"
"4","4","MEM","Jaren Jackson","Michigan State","2","115","3137","1788","534","142",".485",".384",".757","27.3","15.5","4.6","1.2","6.8",".104","0.1","1.7"
"5","5","DAL","Trae Young","Oklahoma","2","141","4623","3327","556","1213",".428",".344",".847","32.8","23.6","3.9","8.6","9.1",".095","1.5","4.0"
"6","6","ORL","Mohamed Bamba","Texas","2","109","1644","624","535","81",".471",".328",".624","15.1","5.7","4.9","0.7","4.2",".121","-0.4","0.7"
"7","7","CHI","Wendell Carter","Duke","2","87","2366","939","712","129",".508",".197",".761","27.2","10.8","8.2","1.5","5.2",".105","-2.0","0.0"
"8","8","CLE","Collin Sexton","Alabama","2","147","4748","2720","440","435",".450",".392",".843","32.3","18.5","3.0","3.0","1.9",".019","-3.4","-1.7"
"9","9","NYK","Kevin Knox","Kentucky","2","140","3324","1382","519","143",".367",".337",".697","23.7","9.9","3.7","1.0","-1.2","-.017","-5.2","-2.7"
"10","10","PHI","Mikal Bridges","Villanova","2","155","4459","1351","556","302",".467",".345",".825","28.8","8.7","3.6","1.9","7.7",".083","-0.5","1.7"
"11","11","CHO","Shai Gilgeous-Alexander","Kentucky","2","152","4602","2220","644","502",".473",".354",".804","30.3","14.6","4.2","3.3","9.5",".099","0.7","3.1"
"12","12","LAC","Miles Bridges","Michigan State","2","145","3691","1440","685","209",".440",".328",".788","25.5","9.9","4.7","1.4","4.5",".059","-1.7","0.3"
"13","13","LAC","Jerome Robinson","Boston College","2","96","1299","431","170","106",".379",".319",".697","13.5","4.5","1.8","1.1","0.3",".010","-4.1","-0.7"
"14","14","DEN","Michael Porter","Missouri","1","55","903","512","259","46",".509",".422",".833","16.4","9.3","4.7","0.8","2.9",".154","1.5","0.8"
"15","15","WAS","Troy Brown","Oregon","2","121","2512","964","528","258",".432",".335",".758","20.8","8.0","4.4","2.1","3.0",".058","-1.7","0.2"
"16","16","PHO","Zhaire Smith","Texas Tech","2","13","143","48","15","12",".378",".316",".667","11.0","3.7","1.2","0.9","0.0",".011","-6.1","-0.2"
"17","17","MIL","Donte DiVincenzo","Villanova","2","93","1931","741","383","185",".445",".318",".735","20.8","8.0","4.1","2.0","4.9",".121","0.6","1.3"
"18","18","SAS","Lonnie Walker","Miami (FL)","2","78","1106","434","156","77",".417",".404",".732","14.2","5.6","2.0","1.0","0.4",".016","-3.4","-0.4"
"19","19","ATL","Kevin Huerter","Maryland","2","131","3808","1411","473","427",".416",".383",".783","29.1","10.8","3.6","3.3","3.0",".038","-2.0","0.0"
"20","20","MIN","Josh Okogie","Georgia Tech","2","136","3304","1103","486","190",".404",".274",".765","24.3","8.1","3.6","1.4","3.4",".050","-2.8","-0.6"
"21","21","UTA","Grayson Allen","Duke","2","76","1134","541","108","77",".429",".371",".800","14.9","7.1","1.4","1.0","1.2",".053","-3.2","-0.3"
"22","22","CHI","Chandler Hutchison","Boise State","2","72","1422","447","293","60",".458",".295",".595","19.8","6.2","4.1","0.8","1.2",".041","-3.4","-0.5"
"23","23","IND","Aaron Holiday","UCLA","2","116","2263","921","223","312",".410",".374",".839","19.5","7.9","1.9","2.7","3.0",".064","-1.6","0.2"
"24","24","POR","Anfernee Simons","","2","90","1590","654","165","110",".404",".333",".787","17.7","7.3","1.8","1.2","0.2",".007","-4.6","-1.0"
"25","25","LAL","Moritz Wagner","Michigan","2","88","1281","600","304","80",".494",".299",".818","14.6","6.8","3.5","0.9","1.9",".072","-3.0","-0.3"
"26","26","PHI","Landry Shamet","Wichita State","2","132","3254","1214","234","216",".420",".402",".828","24.7","9.2","1.8","1.6","6.2",".091","-1.8","0.2"
"27","27","BOS","Robert Williams","Texas A&M","2","61","671","231","209","34",".719","",".633","11.0","3.8","3.4","0.6","3.2",".231","3.7","1.0"
"28","28","GSW","Jacob Evans","Cincinnati","2","59","622","168","66","54",".337",".315",".833","10.5","2.8","1.1","0.9","-0.6","-.047","-7.4","-0.8"
"29","29","BRK","Džanan Musa","","2","49","526","211","91","45",".376",".227",".726","10.7","4.3","1.9","0.9","0.0",".003","-4.6","-0.4"
"30","30","ATL","Omari Spellman","Villanova","2","95","1691","642","413","94",".417",".366",".766","17.8","6.8","4.3","1.0","2.4",".068","-1.5","0.2"
"31","31","PHO","Élie Okobo","","2","108","1677","523","188","242",".395",".315",".737","15.5","4.8","1.7","2.2","0.5",".014","-4.1","-0.9"
"32","32","MEM","Jevon Carter","West Virginia","2","97","1522","459","184","153",".367",".387",".831","15.7","4.7","1.9","1.6","1.8",".057","-1.1","0.3"
"33","33","DAL","Jalen Brunson","Villanova","2","130","2613","1144","303","418",".467",".352",".759","20.1","8.8","2.3","3.2","4.7",".086","-1.4","0.4"
"34","34","ATL","Devonte' Graham","Kansas","2","109","2887","1362","275","592",".375",".357",".810","26.5","12.5","2.5","5.4","3.8",".064","-0.6","1.0"
"35","35","ORL","Melvin Frazier","Tulane","2","29","170","55","15","4",".400",".364",".375","5.9","1.9","0.5","0.1","0.0",".008","-5.4","-0.2"
"36","36","NYK","Mitchell Robinson","","2","127","2772","1075","851","73",".720","",".583","21.8","8.5","6.7","0.6","12.9",".223","2.7","3.3"
"37","37","SAC","Gary Trent","Duke","2","76","1443","581","111","66",".432",".405",".769","19.0","7.6","1.5","0.9","2.3",".075","-1.1","0.3"
"38","38","PHI","Khyri Thomas","Creighton","2","34","256","78","21","11",".314",".306",".600","7.5","2.3","0.6","0.3","0.0","-.005","-5.7","-0.2"
"39","39","PHI","Isaac Bonga","","2","88","1370","349","247","91",".461",".316",".780","15.6","4.0","2.8","1.0","1.6",".057","-3.0","-0.3"
"40","40","BRK","Rodions Kurucs","","2","110","1978","749","383","103",".449",".332",".738","18.0","6.8","3.5","0.9","2.4",".058","-2.7","-0.3"
"41","41","ORL","Jarred Vanderbilt","Kentucky","2","28","115","36","32","5",".519",".000",".667","4.1","1.3","1.1","0.2","0.0",".012","-4.9","-0.1"
"42","42","DET","Bruce Brown","Miami (FL)","2","132","3083","836","459","321",".424",".302",".743","23.4","6.3","3.5","2.4","3.6",".056","-2.2","-0.2"
"43","43","DEN","Justin Jackson","Maryland","","","","","","","","","","","","","","","","",""
"44","44","WAS","Issuf Sanon","","","","","","","","","","","","","","","","","",""
"45","45","BRK","Hamidou Diallo","Kentucky","2","97","1422","508","264","53",".449",".247",".607","14.7","5.2","2.7","0.5","1.2",".039","-4.0","-0.7"
"46","46","HOU","De'Anthony Melton","USC","2","110","2151","705","354","334",".397",".294",".765","19.6","6.4","3.2","3.0","1.8",".040","-1.3","0.3"
"47","47","LAL","Sviatoslav Mykhailiuk","Kansas","2","98","1705","637","140","143",".389",".385",".767","17.4","6.5","1.4","1.5","1.5",".042","-2.7","-0.3"
"48","48","MIN","Keita Bates-Diop","Ohio State","2","74","1247","439","210","47",".426",".303",".699","16.9","5.9","2.8","0.6","1.5",".059","-2.2","-0.1"
"49","49","SAS","Chimezie Metu","USC","2","47","250","109","69","23",".430",".000",".767","5.3","2.3","1.5","0.5","0.0","-.003","-4.3","-0.1"
"50","50","IND","Alize Johnson","Missouri State","2","31","182","47","67","8",".356",".400",".611","5.9","1.5","2.2","0.3","0.3",".081","-3.7","-0.1"
"51","51","NOP","Tony Carr","Penn State","","","","","","","","","","","","","","","","",""
"52","52","UTA","Vince Edwards","Purdue","1","2","16","3","2","0",".250",".250","","8.0","1.5","1.0","0.0","0.0","-.014","-6.4","0.0"
"53","53","OKC","Devon Hall","Virginia","1","11","81","20","7","13",".200",".235",".500","7.4","1.8","0.6","1.2","-0.2","-.116","-6.4","-0.1"
"54","54","DAL","Shake Milton","SMU","2","60","1073","464","123","122",".462",".402",".778","17.9","7.7","2.1","2.0","2.4",".109","-1.5","0.1"
"55","55","CHO","Arnoldas Kulboka","","","","","","","","","","","","","","","","","",""
"56","56","PHI","Ray Spalding","Louisville","1","14","148","54","48","5",".532",".000",".333","10.6","3.9","3.4","0.4","0.2",".051","-5.1","-0.1"
"57","57","OKC","Kevin Hervey","UT Arlington","1","10","52","17","12","5",".259",".150","","5.2","1.7","1.2","0.5","-0.1","-.085","-5.1","0.0"
"58","58","DEN","Thomas Welsh","UCLA","1","11","36","18","4","5",".538",".429",".500","3.3","1.6","0.4","0.5","0.1",".162","1.2","0.0"
"59","59","PHO","George King","Colorado","1","1","6","0","1","0","","","","6.0","0.0","1.0","0.0","0.0","-.001","-7.9","0.0"
"60","60","PHI","Kostas Antetokounmpo","Dayton","2","7","31","9","4","2",".500","",".500","4.4","1.3","0.6","0.3","0.0",".037","-5.0","0.0"
"1","1","NOP","Zion Williamson","Duke","1","24","668","540","150","50",".583",".429",".640","27.8","22.5","6.3","2.1","2.0",".141","2.1","0.7"
"2","2","MEM","Ja Morant","Murray State","1","67","2074","1193","259","488",".477",".335",".776","31.0","17.8","3.9","7.3","3.8",".088","0.3","1.2"
"3","3","NYK","RJ Barrett","Duke","1","56","1704","803","279","143",".402",".320",".614","30.4","14.3","5.0","2.6","-0.5","-.015","-4.3","-1.0"
"4","4","LAL","De'Andre Hunter","Virginia","1","63","2018","778","286","112",".410",".355",".764","32.0","12.3","4.5","1.8","0.1",".002","-4.7","-1.4"
"5","5","CLE","Darius Garland","Vanderbilt","1","59","1824","728","111","229",".401",".355",".875","30.9","12.3","1.9","3.9","-1.3","-.034","-5.6","-1.7"
"6","6","PHO","Jarrett Culver","Texas Tech","1","63","1506","580","212","110",".404",".299",".462","23.9","9.2","3.4","1.7","-0.1","-.004","-4.0","-0.8"
"7","7","CHI","Coby White","UNC","1","65","1674","859","230","175",".394",".354",".791","25.8","13.2","3.5","2.7","0.9",".026","-2.8","-0.4"
"8","8","ATL","Jaxson Hayes","Texas","1","64","1080","472","259","56",".672",".250",".647","16.9","7.4","4.0","0.9","3.9",".171","-0.3","0.5"
"9","9","WAS","Rui Hachimura","Gonzaga","1","48","1444","649","294","87",".466",".287",".829","30.1","13.5","6.1","1.8","1.8",".060","-3.2","-0.4"
"10","10","ATL","Cam Reddish","Duke","1","58","1551","610","216","87",".384",".332",".802","26.7","10.5","3.7","1.5","-0.4","-.011","-4.2","-0.9"
"11","11","MIN","Cameron Johnson","UNC","1","57","1255","504","187","69",".435",".390",".807","22.0","8.8","3.3","1.2","2.7",".102","0.3","0.7"
"12","12","CHO","PJ Washington","Kentucky","1","58","1759","710","316","123",".455",".374",".647","30.3","12.2","5.4","2.1","2.0",".054","-1.6","0.2"
"13","13","MIA","Tyler Herro","Kentucky","1","55","1508","743","224","121",".428",".389",".870","27.4","13.5","4.1","2.2","1.6",".050","-1.6","0.1"
"14","14","BOS","Romeo Langford","Indiana","1","32","370","79","41","13",".350",".185",".720","11.6","2.5","1.3","0.4","0.2",".025","-4.9","-0.3"
"15","15","DET","Sekou Doumbouya","","1","38","754","243","118","19",".390",".286",".674","19.8","6.4","3.1","0.5","-0.3","-.020","-6.7","-0.9"
"16","16","ORL","Chuma Okeke","Auburn","","","","","","","","","","","","","","","","",""
"17","17","BRK","Nickeil Alexander-Walker","Virginia Tech","1","47","591","267","84","89",".368",".346",".676","12.6","5.7","1.8","1.9","-0.2","-.020","-4.6","-0.4"
"18","18","IND","Goga Bitadze","","1","54","471","172","106","23",".467",".190",".727","8.7","3.2","2.0","0.4","0.7",".067","-2.3","0.0"
"19","19","SAS","Luka Šamanić","","1","3","48","16","10","6",".313",".375",".750","16.0","5.3","3.3","2.0","0.0",".011","-4.1","0.0"
"20","20","BOS","Matisse Thybulle","Washington","1","65","1287","305","107","79",".423",".357",".610","19.8","4.7","1.6","1.2","2.3",".086","0.3","0.8"
"21","21","OKC","Brandon Clarke","Gonzaga","1","58","1300","700","345","81",".618",".359",".759","22.4","12.1","5.9","1.4","5.0",".183","3.1","1.7"
"22","22","BOS","Grant Williams","Tennessee","1","69","1043","237","178","68",".412",".250",".722","15.1","3.4","2.6","1.0","1.6",".071","-2.7","-0.2"
"23","23","UTA","Darius Bazley","","1","61","1130","342","246","41",".394",".348",".694","18.5","5.6","4.0","0.7","1.0",".041","-1.6","0.1"
"24","24","PHI","Ty Jerome","Virginia","1","31","328","102","46","44",".336",".280",".750","10.6","3.3","1.5","1.4","0.0","-.003","-3.8","-0.2"
"25","25","POR","Nassir Little","UNC","1","48","573","172","108","22",".430",".237",".636","11.9","3.6","2.3","0.5","0.6",".047","-3.5","-0.2"
"26","26","CLE","Dylan Windler","Belmont","","","","","","","","","","","","","","","","",""
"27","27","BRK","Mfiondu Kabengele","Florida State","1","12","64","42","11","2",".438",".450","1.000","5.3","3.5","0.9","0.2","0.2",".173","2.2","0.1"
"28","28","GSW","Jordan Poole","Michigan","1","57","1274","503","118","134",".333",".279",".798","22.4","8.8","2.1","2.4","-1.2","-.047","-6.6","-1.5"
"29","29","SAS","Keldon Johnson","Kentucky","1","17","301","154","57","15",".596",".591",".795","17.7","9.1","3.4","0.9","1.1",".174","1.5","0.3"
"30","30","MIL","Kevin Porter","USC","1","50","1162","498","162","109",".442",".335",".723","23.2","10.0","3.2","2.2","0.3",".012","-3.8","-0.5"
"31","31","BRK","Nicolas Claxton","Georgia","1","15","187","66","44","16",".563",".143",".524","12.5","4.4","2.9","1.1","0.5",".121","-0.6","0.1"
"32","32","PHO","KZ Okpala","Stanford","1","5","26","7","5","1",".600",".000",".500","5.2","1.4","1.0","0.2","0.1",".118","2.7","0.0"
"33","33","PHI","Carsen Edwards","Purdue","1","37","351","121","47","24",".328",".316",".684","9.5","3.3","1.3","0.6","0.1",".014","-4.6","-0.2"
"34","34","PHI","Bruno Fernando","Maryland","1","56","713","240","198","49",".518",".135",".569","12.7","4.3","3.5","0.9","0.8",".055","-4.1","-0.4"
"35","35","ATL","Marcos Louzada Silva","","","","","","","","","","","","","","","","","",""
"36","36","CHO","Cody Martin","Nevada","1","48","903","238","158","95",".430",".234",".646","18.8","5.0","3.3","2.0","1.0",".052","-2.2","0.0"
"37","37","DAL","Deividas Sirvydis","","","","","","","","","","","","","","","","","",""
"38","38","CHI","Daniel Gafford","Arkansas","1","43","609","220","106","21",".701","",".533","14.2","5.1","2.5","0.5","1.9",".146","-1.3","0.1"
"39","39","NOP","Alen Smailagić","","1","14","139","59","27","13",".500",".231",".842","9.9","4.2","1.9","0.9","0.2",".081","-2.2","0.0"
"40","40","SAC","Justin James","Wyoming","1","36","232","89","32","18",".417",".310",".476","6.4","2.5","0.9","0.5","0.1",".028","-1.4","0.0"
"41","41","GSW","Eric Paschall","Villanova","1","60","1654","837","275","127",".497",".287",".774","27.6","14.0","4.6","2.1","2.1",".062","-2.7","-0.3"
"42","42","PHI","Admiral Schofield","Tennessee","1","33","368","99","47","15",".380",".311",".667","11.2","3.0","1.4","0.5","0.1",".017","-5.5","-0.3"
"43","43","MIN","Jaylen Nowell","Washington","1","15","151","57","13","19",".358",".115",".941","10.1","3.8","0.9","1.3","0.2",".051","-3.8","-0.1"
"44","44","MIA","Bol Bol","Oregon","1","7","87","40","19","6",".500",".444",".800","12.4","5.7","2.7","0.9","0.1",".063","-2.9","0.0"
"45","45","DET","Isaiah Roby","Nebraska","1","3","11","0","2","0",".000","","","3.7","0.0","0.7","0.0","0.0","-.188","-15.5","0.0"
"46","46","ORL","Talen Horton-Tucker","Iowa State","1","6","81","34","7","6",".467",".308",".500","13.5","5.7","1.2","1.0","0.1",".070","-2.1","0.0"
"47","47","SAC","Ignas Brazdeikis","Michigan","1","9","53","17","5","4",".273",".111",".800","5.9","1.9","0.6","0.4","-0.1","-.108","-9.0","-0.1"
"48","48","LAC","Terance Mann","Florida State","1","41","362","99","55","53",".468",".350",".667","8.8","2.4","1.3","1.3","0.8",".106","-1.6","0.0"
"49","49","SAS","Quinndary Weatherspoon","Mississippi State","1","11","78","12","7","11",".294",".200",".500","7.1","1.1","0.6","1.0","-0.1","-.071","-7.4","-0.1"
"50","50","IND","Jarrell Brantley","College of Charleston","1","9","96","24","20","11",".357",".231",".500","10.7","2.7","2.2","1.2","0.0","-.006","-4.6","-0.1"
"51","51","BOS","Tremont Waters","LSU","1","11","119","40","12","16",".286",".167","1.000","10.8","3.6","1.1","1.5","-0.3","-.103","-7.5","-0.2"
"52","52","CHO","Jalen McDaniels","San Diego State","1","16","293","89","65","13",".471",".375",".824","18.3","5.6","4.1","0.8","0.5",".078","-3.3","-0.1"
"53","53","UTA","Justin Wright-Foreman","Hofstra","1","4","45","19","5","7",".350",".200",".750","11.3","4.8","1.3","1.8","0.0","-.008","-9.0","-0.1"
"54","54","PHI","Marial Shayok","Iowa State","1","4","28","11","7","1",".250",".333",".750","7.0","2.8","1.8","0.3","-0.1","-.130","-13.0","-0.1"
"55","55","NYK","Kyle Guy","Virginia","1","3","10","4","1","1",".400",".000","","3.3","1.3","0.3","0.3","0.0","-.045","-12.3","0.0"
"56","56","LAC","Jaylen Hands","UCLA","","","","","","","","","","","","","","","","",""
"57","57","NOP","Jordan Bone","Tennessee","1","10","53","12","4","8",".250",".200","","5.3","1.2","0.4","0.8","-0.1","-.117","-11.9","-0.1"
"58","58","GSW","Miye Oni","Yale","1","10","109","35","17","4",".375",".368",".800","10.9","3.5","1.7","0.4","0.1",".063","-4.3","-0.1"
"59","59","TOR","Dewan Hernandez","Miami (FL)","1","6","28","14","14","3",".357",".500",".600","4.7","2.3","2.3","0.5","0.0",".043","-9.6","-0.1"
"60","60","SAC","Vanja Marinković","","","","","","","","","","","","","","","","","",""